{
  "ok": true,
  "input_atlas": "/Users/guangyichen/Documents/survey/missy-idle-repair-v2.2.0/final/spritesheet-extended.webp",
  "output_atlas": "/Users/guangyichen/Documents/survey/missy-idle-repair-v2.2.0/final/spritesheet-stabilized-v2.2.1.webp",
  "input_sha256": "e4371174b8a534ac84e475e7207dc5345715f646ddcd2ad7d39c968adcb9d8b1",
  "output_sha256": "96b46f6cedba898630e0900e0c7f34f2a9c2caaef75ad087fd14912cc3c4b342",
  "method": "integer-only rigid horizontal registration; no resampling or recoloring",
  "body_registration_roi": [
    0,
    0,
    132,
    208
  ],
  "relative_shifts": [
    0,
    -2,
    4,
    7,
    7,
    -2
  ],
  "common_guard_offset": -4,
  "applied_shifts": [
    -4,
    -6,
    0,
    3,
    3,
    -6
  ],
  "residual_shifts": [
    0,
    0,
    0,
    0,
    0,
    0
  ],
  "registration_scores": [
    0.0,
    0.01621905,
    0.03233896,
    0.02643619,
    0.02662088,
    0.02676293
  ],
  "before_alpha_bboxes": [
    [
      12,
      15,
      180,
      192
    ],
    [
      13,
      15,
      179,
      192
    ],
    [
      8,
      15,
      184,
      192
    ],
    [
      5,
      15,
      187,
      192
    ],
    [
      6,
      15,
      187,
      192
    ],
    [
      13,
      15,
      179,
      192
    ]
  ],
  "after_alpha_bboxes": [
    [
      8,
      15,
      176,
      192
    ],
    [
      7,
      15,
      173,
      192
    ],
    [
      8,
      15,
      184,
      192
    ],
    [
      8,
      15,
      190,
      192
    ],
    [
      9,
      15,
      190,
      192
    ],
    [
      7,
      15,
      173,
      192
    ]
  ],
  "edge_guard_pixels": 2,
  "clipped": false,
  "changed_rows": [
    0
  ],
  "unchanged_rows": [
    1,
    2,
    3,
    4,
    5,
    6,
    7,
    8,
    9,
    10
  ],
  "other_rows_unchanged": true,
  "visible_blue_pixels_per_idle_frame": [
    0,
    0,
    0,
    0,
    0,
    0
  ]
}
